model,BLEU,chrF
baseline,44.667474906644415,37.75009178388659
+pseudo,45.49680749396812,38.33629365895862
